,weight_in_kilograms,height_in_centimeters
count,38200.0,38200.0
mean,88.6515445026178,183.88180628272252
std,8.231287620371017,5.917253079917513
min,57.0,160.0
25%,84.0,180.0
50%,88.0,183.0
75%,94.0,188.0
max,120.0,206.0
